Title,Topics,Likes,Followers,Views
内脏脂肪超高严重，如何短期内减掉内脏脂肪并提高基础代谢率？,"健身, 减肥, 减脂, 运动减肥, 健身与减脂",378,8332,4397076
有哪些是你健身之后才知道的伪健身知识？,"健身, 健身教练, 健身房, 健身指导",1969,73124,37935994
究竟多大的运动量，运动多久才开始消耗脂肪？,"健身, 运动, 慢跑, 减脂, 健身与减脂",56,3023,1551080
运动减肥期间，饮食、运动、睡眠，哪一点最重要？,"减肥, 运动健身, 运动过春天",1,126,42530
健身练哪部分肌肉会让人变得挺拔？,"健身, 健身教练, 健身器材, 健身与减脂, 健身塑形",212,14059,2275439
内脏脂肪超高严重，如何短期内减掉内脏脂肪并提高基础代谢率？,"健身, 减肥, 减脂, 运动减肥, 健身与减脂",378,8332,4397082
波比跳减脂真的很快吗？,"健身, 减脂",2065,17263,11686632
究竟多大的运动量，运动多久才开始消耗脂肪？,"健身, 运动, 慢跑, 减脂, 健身与减脂",56,3023,1551083
运动减肥期间，饮食、运动、睡眠，哪一点最重要？,"减肥, 运动健身, 运动过春天",1,126,42533
怎样减脂的同时保持基础代谢与肌肉量，如何减肥少掉／不掉肌肉？,"健身, 减肥, 增肌, 健身与减脂, 健身增肌",27,3636,799576
瘦子健身一直选择增肌粉还是该换蛋白粉？,"生活, 健身, 增肌, 增肌粉, 健身增肌",285,2664,3303052
内脏脂肪超高严重，如何短期内减掉内脏脂肪并提高基础代谢率？,"健身, 减肥, 减脂, 运动减肥, 健身与减脂",378,8332,4397088
去健身房，目的减脂，是先无氧后有氧还是相反？,"健身, 减脂, 健身与减脂",5,38,60234
怎样减脂的同时保持基础代谢与肌肉量，如何减肥少掉／不掉肌肉？,"健身, 减肥, 增肌, 健身与减脂, 健身增肌",27,3636,799577
为什么好多黑人健身后肌肉很强壮，而在中国却不常见这种肌肉强壮的人呢？,"健身, 肌肉, 黑人",73,3266,12481222
上班族怎么高效利用下班时间健身？,"健身, 运动, 健身与减脂, 职场人, 运动过春天",好问题,227,64932
内脏脂肪超高严重，如何短期内减掉内脏脂肪并提高基础代谢率？,"健身, 减肥, 减脂, 运动减肥, 健身与减脂",378,8332,4397093
瘦子健身一直选择增肌粉还是该换蛋白粉？,"生活, 健身, 增肌, 增肌粉, 健身增肌",285,2664,3303054
在健身房怎样自己练？,"健身, 健身技术, 健身指导, 健身与减脂, 健身塑形",44,3954,1854351
为什么一定要吃够基础代谢？,"健身, 减肥, 生物学, 医学, 健身与减脂",12,62,151923
减脂的关键到底在于哪一点？,"健身, 减肥, 减脂, 健身与减脂, 大学生形象",138,55594,10105523
健身后失眠怎么办？,"健康, 健身, 睡眠, 运动, 健身与减脂",6,219,254279
健身练哪部分肌肉会让人变得挺拔？,"健身, 健身教练, 健身器材, 健身与减脂, 健身塑形",212,14059,2275441
160减到130，为何腹部脂肪仍然很厚？,"健身, 减肥, 减脂, 健身与减脂",16,1271,889370
减脂的关键到底在于哪一点？,"健身, 减肥, 减脂, 健身与减脂, 大学生形象",138,55594,10105525
女生如何自己健身？,"健身, 健身教练, 健身器材, 健身技术, 健身与减脂",44,11764,2042506
怎样减脂的同时保持基础代谢与肌肉量，如何减肥少掉／不掉肌肉？,"健身, 减肥, 增肌, 健身与减脂, 健身增肌",27,3636,799580
内脏脂肪超高严重，如何短期内减掉内脏脂肪并提高基础代谢率？,"健身, 减肥, 减脂, 运动减肥, 健身与减脂",378,8332,4397096
什么是健身婊？,"健身, 健身技术, 健身与减脂, 健身塑形, 美容健身",43,2539,13340739
减脂的关键到底在于哪一点？,"健身, 减肥, 减脂, 健身与减脂, 大学生形象",138,55594,10105527
有哪些热量低的碳水可以代替主食?,"健身, 减肥, 营养学, 减脂",809,21632,11597067
你是因为什么开始的游泳？,"减肥, 游泳, 运动健身, 运动过春天",好问题,93,18816
怎么确定健身的rm数量？,"健身, 健身教练, 运动减肥, 健身与减脂, 健身塑形",1,46,44636
有哪些适合健身新手的健身计划？,"健身, 健身教练, 健身标准, 运动减肥, 健身与减脂",38,301,807131
怎样减脂的同时保持基础代谢与肌肉量，如何减肥少掉／不掉肌肉？,"健身, 减肥, 增肌, 健身与减脂, 健身增肌",27,3636,799582
青海要求各单位每日健身，如何看待这一要求？这是不是形式主义？,"职场, 国际",5,249,426603
你是因为什么开始的徒步登山等户外运动？,"徒步, 户外运动, 运动健身, 运动过春天",好问题,51,15374
空腹训练是更减脂还是对身体有害？,"健康, 健身, 减肥, 减脂, 健身与减脂",9,800,491049
怎样减脂的同时保持基础代谢与肌肉量，如何减肥少掉／不掉肌肉？,"健身, 减肥, 增肌, 健身与减脂, 健身增肌",27,3636,799582
内脏脂肪超高严重，如何短期内减掉内脏脂肪并提高基础代谢率？,"健身, 减肥, 减脂, 运动减肥, 健身与减脂",378,8332,4397105
有哪些适合健身新手的健身计划？,"健身, 健身教练, 健身标准, 运动减肥, 健身与减脂",38,301,807133
杠铃卧推比哑铃卧推好在哪里？为什么大家都先推荐杠铃而非哑铃呢？,"健身, 身体健康, 健身器材, 健身增肌",1,77,120601
女生开始健身和力量训练后，生活会发生哪些改变？,"健身, 减肥, 运动健身, 运动过春天",2,152,73549
健身过后总是下背疼？,"健身, 健身教练, 运动减肥, 健身指导, 健身与减脂",3,86,49924
内脏脂肪超高严重，如何短期内减掉内脏脂肪并提高基础代谢率？,"健身, 减肥, 减脂, 运动减肥, 健身与减脂",378,8332,4397130
减脂的关键到底在于哪一点？,"健身, 减肥, 减脂, 健身与减脂, 大学生形象",138,55594,10105530
有哪些令人后悔莫及的减脂误区？,"健身, 减脂, 运动减肥, 健身与减脂, 减肥经验",84,3867,2844062
健身练哪部分肌肉会让人变得挺拔？,"健身, 健身教练, 健身器材, 健身与减脂, 健身塑形",212,14059,2275443
本人男，体型不胖为什么下巴很多肉，有点双下巴。？,"健身, 减脂, 健身与减脂, 下巴",20,59,110761
女生开始健身和力量训练后，生活会发生哪些改变？,"健身, 减肥, 运动健身, 运动过春天",2,152,73551
为什么总觉得胖子瘦下来比原本瘦的人更加有气质？,"健身, 减肥, 形象, 优雅 气质, 健身与减脂",19,5662,1688433
内脏脂肪超高严重，如何短期内减掉内脏脂肪并提高基础代谢率？,"健身, 减肥, 减脂, 运动减肥, 健身与减脂",378,8332,4397134
弹力带可以代替哑铃进行力量训练吗？,"健身, 健身教练, 健身器材, 健身与减脂, 健身塑形",17,60,292234
请问有练过美丽芭蕾的吗？就是Ballet Beautiful，是不是可以改变气质？,"健身, 美体, 健身技术, 健身与减脂, 健身塑形",9,6308,3592575
有哪些令人后悔莫及的减脂误区？,"健身, 减脂, 运动减肥, 健身与减脂, 减肥经验",84,3867,2844064
健身吃增肌粉有副作用嘛？,"生活, 健身, 健身技术, 健身补剂, 健身增肌",13,74,195970
内脏脂肪超高严重，如何短期内减掉内脏脂肪并提高基础代谢率？,"健身, 减肥, 减脂, 运动减肥, 健身与减脂",378,8332,4397137
蝶形机夹胸为何感觉到肱二头肌酸？,"健身, 胸肌, 健美, 健身与减脂, 健身塑形",1,28,74352
女生坚持健身是种怎样的体验？,"健身, 健身器械, 健身塑形, 健身增肌",108,8618,9594074
女生如何拥有良好体态？,"健身, 女性, 女生, 形体, 体态矫正有多重要",823,47592,11644720
健身练哪部分肌肉会让人变得挺拔？,"健身, 健身教练, 健身器材, 健身与减脂, 健身塑形",212,14059,2275445
内脏脂肪超高严重，如何短期内减掉内脏脂肪并提高基础代谢率？,"健身, 减肥, 减脂, 运动减肥, 健身与减脂",378,8332,4397141
怎样减脂的同时保持基础代谢与肌肉量，如何减肥少掉／不掉肌肉？,"健身, 减肥, 增肌, 健身与减脂, 健身增肌",27,3636,799586
半年或者一年健身下来你有了多大的变化？,"健身, 健身技术, 运动减肥, 健身增肌",21,823,1245501
上班族怎么高效利用下班时间健身？,"健身, 运动, 健身与减脂, 职场人, 运动过春天",好问题,227,64934
减肥健身时候晚餐应该吃些什么？,"健身, 减肥, 健身与减脂, 减肥经验",127,1424,1843196
健身了是不是一辈子只能与健康餐为伍？,"健身, 减脂, 健身与减脂",3,3899,1423259
增肌已经有段时间，效果明显，，但是偏偏肚子也跟着一起大，有同样情况的人吗？,"健身, 运动, 运动减肥, 增肌, 健身增肌",20,79,104782
为什么总觉得胖子瘦下来比原本瘦的人更加有气质？,"健身, 减肥, 形象, 优雅 气质, 健身与减脂",19,5662,1688435
哪一个瞬间让你下定决心，开始健身了？,"减肥, 运动健身, 运动过春天",好问题,96,54151
健身小白，去了健身房真的除了跑步不知道干什么？,"健身, 减肥, 健身教练, 健身与减脂, 减肥方法",1,122,156671
按照大家说的方法 我的腿粗了是什么原因 ？女生小腿非常壮怎么办？,"健身, 减肥, 健身与减脂",4,3770,643183
除了跑步和游泳，还有哪些容易坚持的不伤膝盖的有氧运动？,"健身, 跑步, 游泳, 坚持",好问题,271,185921
为什么总觉得胖子瘦下来比原本瘦的人更加有气质？,"健身, 减肥, 形象, 优雅 气质, 健身与减脂",19,5662,1688438
什么是健身婊？,"健身, 健身技术, 健身与减脂, 健身塑形, 美容健身",43,2539,13340741
减脂的关键到底在于哪一点？,"健身, 减肥, 减脂, 健身与减脂, 大学生形象",138,55594,10105534
健身房有哪些奇葩逗逼？,"健身, 健身教练, 营养, 增肌, 健身增肌",18,16514,30953226
怎么用现代眼光评价施瓦辛格的健身百科全书？,"健身, 健身教练, 健身指导, 健身与减脂, 健身补剂",2,474,208130
半年或者一年健身下来你有了多大的变化？,"健身, 健身技术, 运动减肥, 健身增肌",21,823,1245506
为什么跑步要坚持40分钟 每天跑30分钟也能减肥吗？,"健身, 减肥, 健身与减脂, 科学跑步",1,47,275711
有哪些适合健身新手的健身计划？,"健身, 健身教练, 健身标准, 运动减肥, 健身与减脂",38,301,807135
通过跳绳瘦下来是一种怎么样的体验？,"健身, 运动, 减肥, 跳绳, 健身与减脂",112,28193,20797143
仰卧起坐常犯的错误有哪些？正确的姿势又是怎样的？,"健身, 仰卧起坐, 运动, 锻炼, 健身与减脂",32,2181,1390623
腿长腰短，塑身太痛苦，求教方法？,"健身, 健身技术, 健身与减脂, 健身塑形, 美容健身",9,47,108264
一公斤脂肪到底是9000大卡还是7700大卡？,"健康, 健身, 减肥, 健身与减脂",18,77,201978
在健身房，你最讨厌什么样的人？,"健身, 运动, 心理健康, 行为, 健身房",63,12009,29231551
为什么总觉得胖子瘦下来比原本瘦的人更加有气质？,"健身, 减肥, 形象, 优雅 气质, 健身与减脂",19,5662,1688445
有哪些是你健身之后才知道的伪健身知识？,"健身, 健身教练, 健身房, 健身指导",1969,73124,37936015
减脂的关键到底在于哪一点？,"健身, 减肥, 减脂, 健身与减脂, 大学生形象",138,55594,10105536
蛋白粉到底怎么冲？,"健身, 蛋白粉, 增肌, 健身增肌",20,224,851039
如何从零开始练习引体向上？,"健身, 体育, 引体向上, 肌肉力量, 健身与减脂",31,671,477349
为什么总觉得胖子瘦下来比原本瘦的人更加有气质？,"健身, 减肥, 形象, 优雅 气质, 健身与减脂",19,5662,1688446
“肌肉在休息的时候超量生长”，其中关于“休息”的定义是睡觉吗？,"健身, 肌肉, 肌肉训练, 健身与减脂",40,384,555485
女生如何自己健身？,"健身, 健身教练, 健身器材, 健身技术, 健身与减脂",44,11764,2042508
内脏脂肪超高严重，如何短期内减掉内脏脂肪并提高基础代谢率？,"健身, 减肥, 减脂, 运动减肥, 健身与减脂",378,8332,4397186
什么是健身婊？,"健身, 健身技术, 健身与减脂, 健身塑形, 美容健身",43,2539,13340743
剖腹产后多久可以运动减肥？什么运动比较适合？以及哺乳期如何减肥不减奶？,"健身, 健身与减脂, 减肥方法, 产后减肥, 健身塑形",11,249,225427
内脏脂肪超高严重，如何短期内减掉内脏脂肪并提高基础代谢率？,"健身, 减肥, 减脂, 运动减肥, 健身与减脂",378,8332,4397189
为什么碳水和糖才是长胖元凶，明明脂肪热量更高啊？,"健身, 食品营养, 减脂, 热量, 饮食营养",1324,8370,10107110
低碳水饮食会让人变笨吗？,"健康, 健身, 健康膳食, 科学饮食, 健身与减脂",13,226,260876
为什么总觉得胖子瘦下来比原本瘦的人更加有气质？,"健身, 减肥, 形象, 优雅 气质, 健身与减脂",19,5662,1688450
如何减掉腰腹部的脂肪？,"健康, 健身, 减肥, 肌肉, 减肥方法",606,65460,17895505
有哪些令人后悔莫及的减脂误区？,"健身, 减脂, 运动减肥, 健身与减脂, 减肥经验",84,3867,2844066
弹力带可以代替哑铃进行力量训练吗？,"健身, 健身教练, 健身器材, 健身与减脂, 健身塑形",17,60,292236
健身圈到底有多乱？,"健身, 运动减肥, 健身与减脂, 健身塑形, 这个群体乱吗",117,14955,27435898
160减到130，为何腹部脂肪仍然很厚？,"健身, 减肥, 减脂, 健身与减脂",16,1271,889372
女生坚持健身是种怎样的体验？,"健身, 健身器械, 健身塑形, 健身增肌",108,8618,9594076
请教健身达人科普一下什么是碳水化合物，蛋白质& 脂肪？,"健身, 运动减肥, 健身与减脂",12,385,511930
健身房有哪些奇葩逗逼？,"健身, 健身教练, 营养, 增肌, 健身增肌",18,16514,30953241
半年或者一年健身下来你有了多大的变化？,"健身, 健身技术, 运动减肥, 健身增肌",21,823,1245508
内脏脂肪超高严重，如何短期内减掉内脏脂肪并提高基础代谢率？,"健身, 减肥, 减脂, 运动减肥, 健身与减脂",378,8332,4397195
怎么减内脏脂肪？,"健身, 脂肪, 减脂, 健身与减脂",3,272,286591
减脂的关键到底在于哪一点？,"健身, 减肥, 减脂, 健身与减脂, 大学生形象",138,55594,10105538
杠铃卧推比哑铃卧推好在哪里？为什么大家都先推荐杠铃而非哑铃呢？,"健身, 身体健康, 健身器材, 健身增肌",1,77,120605
什么是健身婊？,"健身, 健身技术, 健身与减脂, 健身塑形, 美容健身",43,2539,13340745
女生坚持健身是种怎样的体验？,"健身, 健身器械, 健身塑形, 健身增肌",108,8618,9594078
减肥健身应该注重什么部位，才能达到真正的肌肉锻炼而不仅仅是徒有其表？,"健身, 锻炼, 健身与减脂, 健身增肌",好问题,1964,129093
