标题,标题链接,用户,cssn99yhz_链接,richtext,richtext1,内容,button,内容2,标签
内脏脂肪超高严重，如何短期内减掉内脏脂肪并提高基础代谢率？,https://www.zhihu.com/question/37484627/answer/2244107303,飞特那斯,https://www.zhihu.com/question/48509984,有些朋友可能有这样的情况，就是四肢的肉很少，但是肚子却很大，尤其是腹部的脂肪非常明显，肚子经常是鼓鼓的，自己平常也经常锻炼，但是肚子一直是鼓鼓的。那你就需要注意了，你有可能是内脏脂肪偏高。首先了解下内…,,阅读全文​,"​
赞同 34","​
1 条评论","​
分享"
有哪些是你健身之后才知道的伪健身知识？,https://www.zhihu.com/question/303672817/answer/1072876776,叔贵,https://www.zhihu.com/question/510340037,叔贵做健身科普也有 4 年多了，遇到了各式各样的问题，谣言。 这次，我特意汇总了在科普生涯里遇到的各种迷思误区。 用一句话来表达。 希望叔贵的《健身知识 101》能够帮各位在健身的路上，少走弯路，不要采坑，…,《健身知识 101》,阅读全文​,"​
赞同 4.3 万","​
2,039 条评论","​
分享"
究竟多大的运动量，运动多久才开始消耗脂肪？,https://www.zhihu.com/question/35260405/answer/2852283048,叔贵,https://www.zhihu.com/question/510340037,事实上，从你运动第一分钟，脂肪就开始消耗了。 减肥这玩意儿，为什么执行起来那么难，就是三个字——「不明白」。 之前我和超哥交换饮食的时候，说过要「吃得明白」，现在得再加一条，「练得明白」。 就是你根本不知…,「不明白」,阅读全文​,"​
赞同 1109","​
84 条评论","​
分享"
运动减肥期间，饮食、运动、睡眠，哪一点最重要？,https://www.zhihu.com/question/585259827/answer/2913741285,Seeker,https://www.zhihu.com/question/510340037,睡眠！ 睡眠！ 睡眠！ 不仅是运动减肥期间，在日常生活中睡眠也绝对是最重要的，好的睡眠是一切一切的基础。 对于运动员来说，睡眠本身就是包含在训练中的，好的睡眠是高质量训练的前提。 冬奥会期间，大家调侃：谷爱凌成…,大家调侃：谷爱凌成,阅读全文​,"​
赞同 38","​
3 条评论","​
分享"
健身练哪部分肌肉会让人变得挺拔？,https://www.zhihu.com/question/37622411/answer/1537044035,叔贵,https://www.zhihu.com/question/510340037,健身练哪部分肌肉会让人变得挺拔？ 开门见山一句话——挺拔，根本不需要去健身房练肌肉。 为什么？ 因为一个人身体是否处于挺拔状态，要看一个人的身体前后的肌肉状态如何。 如果你身体的肌肉和发力状态没有被纠正，只是…,开门见山一句话——挺拔，根本不需要去健身房练肌肉。,阅读全文​,"​
赞同 9060","​
149 条评论","​
分享"
内脏脂肪超高严重，如何短期内减掉内脏脂肪并提高基础代谢率？,https://www.zhihu.com/question/37484627/answer/1943259543,Ranch-L,,嗨，140斤的胖子来了，今天聊聊如何短期减掉内脏脂肪。 内容主要包含：第一什么是内脏脂肪，第二如何快速的减掉内脏脂肪，最后聊聊基础代谢对减肥的作用 什么…,,阅读全文​,"​
赞同 158","​
22 条评论","​
分享"
波比跳减脂真的很快吗？,https://www.zhihu.com/question/273619431/answer/1101161981,叔贵,https://www.zhihu.com/question/510340037,首先，可以明确的一个点是：  波比跳是公认的短时间内锻炼效果最全面、最高效的减肥运动。 因为和减脂效率成正比的是它的训练强度，Tababta 是 hiit 高强度间歇训练的一种。 所以它的减脂效果是毋庸置疑的…, 波比跳是公认的短时间内锻炼效果最全面、最高效的减肥运动。 因为和减脂效率成正比的是它的训练强度，Tababta 是 hiit 高强度间歇训练的一种。 所以它的减脂效果是毋庸置疑的,阅读全文​,"​
赞同 6.7 万","​
2,635 条评论","​
分享"
究竟多大的运动量，运动多久才开始消耗脂肪？,https://www.zhihu.com/question/35260405/answer/2283410519,Garmin佳明,https://www.zhihu.com/question/48510028,生活中我们可能听过关于「有效的运动时间」、「运动燃脂基础时间」的不同说法，有人说有人说30分钟，有人说1小时。其实，如果为了达到「消耗脂肪」的目的，是不能抛开运动强度（运动量）的差异和个体生理差异的。…,,阅读全文​,"​
赞同 303","​
21 条评论","​
分享"
运动减肥期间，饮食、运动、睡眠，哪一点最重要？,https://www.zhihu.com/question/585259827/answer/2952709801,少女鹿西,https://www.zhihu.com/question/48509984,结论先行不卖关子，都重要。只关心结果的话，可以划走了，但想真正了解原理的，花一两分钟看完回答，也绝对让你不虚此行（读） 运动减肥期间，饮食、运动、睡眠是不可分割的三个方面。它们三兄弟相互作用，缺一不可…,,阅读全文​,"​
赞同 11","​
添加评论","​
分享"
怎样减脂的同时保持基础代谢与肌肉量，如何减肥少掉／不掉肌肉？,https://www.zhihu.com/question/43193847/answer/102247114,凌云MikeLing,,这个问题我觉得很好，因为很多训练过的人才会问这样的问题，说明在他们的训练中出现了问题。拿我们就来解决问题。 老规矩，先来了解问题，相信很多人都有做有氧…,,阅读全文​,"​
赞同 107","​
15 条评论","​
分享"
瘦子健身一直选择增肌粉还是该换蛋白粉？,https://www.zhihu.com/question/31842675/answer/1516885187,周琳,https://www.zhihu.com/question/48509984,结论先行：瘦人肯定是使用增肌粉更好。 今年全球疫情大爆发，百年不遇的特殊情况，我也瘦了不少，恐怕很多人都一样，需要好好练练，再补一补…….. 一：先要明白瘦人为什么增肌增重难？ 都知道三分练，七分吃，对瘦人…,结论先行：瘦人肯定是使用增肌粉更好。,阅读全文​,"​
赞同 293","​
12 条评论","​
分享"
内脏脂肪超高严重，如何短期内减掉内脏脂肪并提高基础代谢率？,https://www.zhihu.com/question/37484627/answer/575221404,即刻运动Official,,一、什么是内脏脂肪？ 首先，我们要分清内脏脂肪、和皮下脂肪的区别。 在我们腰、胳膊、腿上这些地方，可以戳到、捏到、感受到的脂肪， 都是皮下脂肪，它们储藏在皮肤下面。 而内脏脂肪是一个深藏不露的“小怪兽”， 它存…,一、什么是内脏脂肪？,阅读全文​,"​
赞同 5884","​
46 条评论","​
分享"
去健身房，目的减脂，是先无氧后有氧还是相反？,https://www.zhihu.com/question/28135983/answer/1105401873,Wild Field Health荒野健康,https://www.zhihu.com/question/48510028,先上结论！先无氧后有氧！ 但只知道顺序可没用！ 下面这些健身干货赶紧看起来！！ 今日份目录： 为什么先无氧， 后有氧 为什么减脂要做无氧训练 三个有效减脂的无氧运动 减脂有氧运动怎么做？ (*╹▽╹*) 码字不易，…,(*╹▽╹*) 码字不易，,阅读全文​,"​
赞同 30","​
添加评论","​
分享"
怎样减脂的同时保持基础代谢与肌肉量，如何减肥少掉／不掉肌肉？,https://www.zhihu.com/question/43193847/answer/2860377015,老丛,https://www.zhihu.com/question/48509984,这事儿我熟啊！ 作为已经健身七年的菜鸟，深知肌肉的宝贵，所以每一次减脂我最在意的除了效果之外就是肌肉掉了多少，最近为期半年的减脂计划也是一直围绕着“减脂保肌肉”这个原则执行的。 下面的内容我将以个人的经验…,减脂保肌肉,阅读全文​,"​
赞同 21","​
添加评论","​
分享"
为什么好多黑人健身后肌肉很强壮，而在中国却不常见这种肌肉强壮的人呢？,https://www.zhihu.com/question/337568352/answer/2417556998,文册,,张辽击破乌桓之后，抓了大批俘虏。 看多了才发现，这些以彪悍著称的胡人，大多羸弱不堪。 随军司马问张辽：“咱中原人皆以为胡人个个彪悍异常，为何其中多为瘦弱…,,阅读全文​,"​
赞同 4.4 万","​
1,147 条评论","​
分享"
上班族怎么高效利用下班时间健身？,https://www.zhihu.com/question/583243323/answer/2911377786,昕叫瘦,,总结了5类打工人没时间运动的解决方法，只要你还不是总统，运动和工作是能平衡的！ 先说说：关于运动和工作不能两全的困扰，+怎样去看待训练和休息 再后把部分讲：不同职业该如何平衡工作运动 对于总是累的人， 我的…,总结了5类打工人没时间运动的解决方法，只要你还不是总统，运动和工作是能平衡的！,阅读全文​,"​
赞同 14","​
添加评论","​
分享"
内脏脂肪超高严重，如何短期内减掉内脏脂肪并提高基础代谢率？,https://www.zhihu.com/question/37484627/answer/2851118777,老丛,https://www.zhihu.com/question/48509984,老丛在所谓的“非赛季”（从未有过赛季）体重也达到过109.1公斤，虽然身高把BMI指数往下拉了不少，但是也纯纯属于内脏脂肪超标的大基数减肥人群了，这圆滚滚的小肚子...... 大概也就半年多一点的时间体…,非赛季,阅读全文​,"​
赞同 665","​
52 条评论","​
分享"
瘦子健身一直选择增肌粉还是该换蛋白粉？,https://www.zhihu.com/question/31842675/answer/1540433474,手抖毛大夫,https://www.zhihu.com/question/510340037,先说结论：增肌除了补充足量蛋白质，同时补充大量的碳水化合物也是必须的。 市面上的增肌粉可以简化理解为「蛋白粉+碳水化合物」。因此，对于想通过健身变得更壮实的瘦同学们来说，增肌粉是更加合理的运动补剂，而对…,增肌除了补充足量蛋白质，同时补充大量的碳水化合物也是必须的。,阅读全文​,"​
赞同 994","​
56 条评论","​
分享"
在健身房怎样自己练？,https://www.zhihu.com/question/50142158/answer/481812812,即刻运动Official,,这几年越来越多小伙伴喜欢去健身房。 但讲真，80%的健身小白去了健身房就是一脸懵逼，最后都默默地走向跑步机…… 立志关爱广大粉丝，这一次要给你们强烈科普「健身房的各种器械」 知道这些健身器械，让你秒变健身老…,「健身房的各种器械」,阅读全文​,"​
赞同 4052","​
59 条评论","​
分享"
为什么一定要吃够基础代谢？,https://www.zhihu.com/question/49688155/answer/1979242372,Wild Field Health荒野健康,https://www.zhihu.com/question/48510028,老生常谈的问题， 基础代谢当然要吃够呀！ ——基础代谢小课堂—— 先进行最基础的科普——基础代谢是什么？ 节食与运动消耗热量的本质区别是什么呢？ 基础代谢率下降会有什么危害呢？ 1、先进行最基础的科普——基础代谢…,,阅读全文​,"​
赞同 25","​
1 条评论","​
分享"
减脂的关键到底在于哪一点？,https://www.zhihu.com/question/26660935/answer/2443830851,飞特那斯,https://www.zhihu.com/question/48509984,"合理的运动生活方式是持续高效减肥瘦身的关键 要知道你每天运动燃烧消耗的卡路里包括了你的基础代谢率加上每天运动燃烧的卡路里。这个数字很大程度上取决于你体内新城代谢组织的数量。例如:大脑,肝脏,大肠和肌肉…",,阅读全文​,"​
赞同 37","​
8 条评论","​
分享"
健身后失眠怎么办？,https://www.zhihu.com/question/30680171/answer/2636133260,索索队长,https://www.zhihu.com/question/48509984,健身导致失眠这问题已经很普遍了：不论男女，不论年龄，不论训练水平高低都在发生。 正常人一旦陷入急性训练过度状态就会睡眠失常——要么失眠要么嗜睡，总之是无法掌控自己的睡眠。而失眠的概率要比嗜睡更大得多。 一…,,阅读全文​,"​
赞同 71","​
12 条评论","​
分享"
健身练哪部分肌肉会让人变得挺拔？,https://www.zhihu.com/question/37622411/answer/1834899243,盐选健康必修课,https://www.zhihu.com/question/48510028,可以说这是大多数人都忽视的部位：肩部。而肩部线条通过可以通过日常的锻炼就能改善的。 在锻炼之前首先要明确以下 3 点：一是肩部训练的重点、二是为什么要练肩部肌肉、三是肩部构成以及肩部怎么练。 否者盲目…,,阅读全文​,"​
赞同 53","​
添加评论","​
分享"
160减到130，为何腹部脂肪仍然很厚？,https://www.zhihu.com/question/35470759/answer/1670631263,即刻运动Official,,小肚腩，确实是最最最难减掉的脂肪。 但是，好消息是，小肚腩还是有办法可以解决的！ 只要找对了方法，攻克小肚腩，只是时间问题。 今天，即刻君就给大家扒一扒， 腹部的脂肪从何而来，又怎样才能减掉！ 一、胖从何来？ 要…,小肚腩还是有办法可以解决的！,阅读全文​,"​
赞同 185","​
12 条评论","​
分享"
减脂的关键到底在于哪一点？,https://www.zhihu.com/question/26660935/answer/683973138,盐选推荐,https://www.zhihu.com/question/48510028,前段时间我跟朋友聊天，由于职业原因，话题不知不觉就从闲扯聊到了运动健身。 他：健身运动说实话真的挺好的，既能减肥，让身材变好，对健康也很有帮助，我也是每年都在坚持决定健身，都快 5 年了呢。 我：那很…,,阅读全文​,"​
赞同 203","​
添加评论","​
分享"
女生如何自己健身？,https://www.zhihu.com/question/27847217/answer/2769114612,飞特那斯,https://www.zhihu.com/question/48509984,适合女生的全身训练计划（只用哑铃，助你锻炼全身肌肉，塑造好身材 女性练习哑铃有很多好处，最大的好处就是让身体线条更加优美。能让身体各部分的肌肉得到锻炼。特别是上臂肌肉、胸肌、腹肌、臀肌等。练习哑铃能避免…,,阅读全文​,"​
赞同 106","​
7 条评论","​
分享"
怎样减脂的同时保持基础代谢与肌肉量，如何减肥少掉／不掉肌肉？,https://www.zhihu.com/question/43193847/answer/1707551754,常想一二,,看了题主的问题我觉得自己可以回答一波，提前说明关于减脂的同时保持基础代谢这个问题，这里没有很专业的回答，只有我自身的经历。我个人觉得刨去个人去谈这个问题其实不是特别客观，因为每个人的训练水平，激素水平…,,阅读全文​,"​
赞同 13","​
3 条评论","​
分享"
内脏脂肪超高严重，如何短期内减掉内脏脂肪并提高基础代谢率？,https://www.zhihu.com/question/37484627/answer/1352221204,苏丫,,胖的少，不如胖的巧 除了有点小肚子，但是看着挺瘦的，你是不是也这样？ 那么内脏脂肪了解一下 一、内脏脂肪从何而来？ 首先是久坐、缺乏运动 平时能躺着绝不坐着，能坐着绝不站着 说的是不是你 一星期靠几十分钟的帕梅拉也…,,阅读全文​,"​
赞同 197","​
11 条评论","​
分享"
什么是健身婊？,https://www.zhihu.com/question/48631963/answer/2684073176,尊生闲闲蝉,,#尊生锻炼.只帮普通人.做普通人的健身.抗衰老指导者#强项:减肥减脂瘦身塑型、运动修身养颜美容、腰突专题、职场减压、健身零基础入门、抗衰老、产后形体修复、基础病调养等＃必须原创.非文献.不抄书.说人话…,,阅读全文​,"​
赞同 563","​
74 条评论","​
分享"
减脂的关键到底在于哪一点？,https://www.zhihu.com/question/26660935/answer/630343511,罗纳尔琨,,减脂的关键点在哪？下面这篇文章的观点可能会颠覆你的认知，但其实又是老话长谈，合情合理。 先说结论，减脂的最重要的关键点就1点 制造热量缺口，即：热量摄入小于热量消耗，两者的差值就是热量缺口。 油管上一个教练…,制造热量缺口，即：热量摄入小于热量消耗，两者的差值就是热量缺口。,阅读全文​,"​
赞同 2028","​
133 条评论","​
分享"
有哪些热量低的碳水可以代替主食?,https://www.zhihu.com/question/265791301/answer/1250665764,叔贵,https://www.zhihu.com/question/510340037,且慢。 不妨想想看，你吃了二三十年的白米饭，为了热量低把白米饭换成了荞麦面、黑米、土豆，身体会发生什么样的变化？ 我来告诉你结局。 吃了一周粗粮的你肯定会发现自己瘦了、掉秤了，毕竟粗粮的饱腹感较强吃两口就觉…,,阅读全文​,"​
赞同 2.5 万","​
873 条评论","​
分享"
你是因为什么开始的游泳？,https://www.zhihu.com/question/585259968/answer/2913757687,王之葵托利,https://www.zhihu.com/question/48509984,小时候暑假的时候，经常去海边洗海澡，虽然没学会游泳，但也训练出了一定的水性。 大学里第一次去游泳馆，是大二还是大三的暑假，那时候虽然我不会游泳，但也不是纯旱鸭子，起码在水中漂着划手啥是没问题的。 不会换气…,,阅读全文​,"​
赞同 19","​
7 条评论","​
分享"
怎么确定健身的rm数量？,https://www.zhihu.com/question/38351276/answer/2600354324,索索队长,https://www.zhihu.com/question/48509984,只要你不是健身小白，就知道健身计划通常都是基于“RM数据”的，例如用70%的1RM重量来做卧推，用80%的1RM重量来做深蹲......这里的1RM指你这个动作的极限重量。 如果你卧推只能完成1次的极限…,RM数据,阅读全文​,"​
赞同 51","​
1 条评论","​
分享"
有哪些适合健身新手的健身计划？,https://www.zhihu.com/question/30141626/answer/2522457624,Gandy,,如果可以的话 花点时间来看一下我这期视频 里面有详细的训练计划参考 我这期视频给大家带来 如何从零基础的小白开始 一步一步进阶成为健身大神 视频太长所以我分了两部分 内容很干强烈建议做好笔记 感谢大家…,,阅读全文​,"​
赞同 41","​
4 条评论","​
分享"
怎样减脂的同时保持基础代谢与肌肉量，如何减肥少掉／不掉肌肉？,https://www.zhihu.com/question/43193847/answer/1246270821,淡于水,,保护肌肉+减脂，健美式训练中的备赛阶段的主要需求，想要达到这样的效果 主要注意两个方面的问题：一 训练，二 饮食 训练 应该最少保持原有的训练水平，甚至要提高。 在减脂期，身体本身就处于一个分解代谢占上风的情…,一 训练，二 饮食,阅读全文​,"​
赞同 30","​
7 条评论","​
分享"
青海要求各单位每日健身，如何看待这一要求？这是不是形式主义？,https://www.zhihu.com/question/591541386/answer/2950930466,贫道法号三观正,,这事的初衷可能就是某个大领导在调研某单位时，看到经常熬夜加班的同志们精神状况萎靡，随口一句话“同志们还是要多运动啊”。 然后，为了贯彻领导讲话要求，这事被安排给了省体育局来落实。省体育局连夜开会研究，任…,,阅读全文​,"​
赞同 7724","​
226 条评论","​
分享"
你是因为什么开始的徒步登山等户外运动？,https://www.zhihu.com/question/585259975/answer/2925043144,Tysailing,,Thanks! I like hiking(徒步) and climbing the mountain(登山) which was affected by the American inspirati…,,阅读全文​,"​
赞同 37","​
3 条评论","​
分享"
空腹训练是更减脂还是对身体有害？,https://www.zhihu.com/question/37826049/answer/314401758,即刻运动Official,,你肯定也听人说过，“早上起床之后，不吃早饭，直接空腹去做30-60分钟有氧，减脂很有效。” 理论上讲，不吃早饭空腹有氧，就可以直接调用身体储存的脂肪来供能。 假如之前吃了早饭的话，就会首先利用身体里的葡萄…,身体储存的脂肪,阅读全文​,"​
赞同 90","​
4 条评论","​
分享"
怎样减脂的同时保持基础代谢与肌肉量，如何减肥少掉／不掉肌肉？,https://www.zhihu.com/question/43193847/answer/1140325828,徐恩东,https://www.zhihu.com/question/48509984,减脂时基础代谢下降主要有2个原因 原因1.体重下降 移动越轻的物体，消耗的热量会越少。随着你减脂的深入，体重越来越轻，那么移动，维持新低体重所需的能…,原因1.体重下降,阅读全文​,"​
赞同 52","​
1 条评论","​
分享"
内脏脂肪超高严重，如何短期内减掉内脏脂肪并提高基础代谢率？,https://www.zhihu.com/question/37484627/answer/1983908316,倾行,,内脏脂肪确实是肥胖中发生的一个很重要的一个原因，并且呢减起来是非常难的，但是再难，我们也得减啊，因为脂肪是全身动员的 所以第一个结论就是无论怎样，只要…,,阅读全文​,"​
赞同 88","​
8 条评论","​
分享"
有哪些适合健身新手的健身计划？,https://www.zhihu.com/question/30141626/answer/2349112771,HaleLiu,,全身健身计划是最成熟的重量训练计划之一。它适用于大多数目标（增肌、增加力量等）和健身水平（初级、中级和高级）。 这篇文章将介绍2天、3天和4天的全身健身计划如何安排，并提供三个免费的健身计划。 什么是全身…,,阅读全文​,"​
赞同 24","​
2 条评论","​
分享"
杠铃卧推比哑铃卧推好在哪里？为什么大家都先推荐杠铃而非哑铃呢？,https://www.zhihu.com/question/28617472/answer/2522451143,Fire Punch,,1.杠铃在稳定性上远优于哑铃。如果你是力量训练者，选择杠铃为主项是必然的。我个人不建议哑铃能推30kg以上的人，继续使用哑铃，在特大重量的情况下起哑…,,阅读全文​,"​
赞同 50","​
14 条评论","​
分享"
女生开始健身和力量训练后，生活会发生哪些改变？,https://www.zhihu.com/question/585260000/answer/2919892633,少女鹿西,https://www.zhihu.com/question/48509984,略等于改头换面吧。 以前的我，不自信，驼背，不喜欢与人直视，在很多场合总是觉得很紧张。 运动健身几年后现在我的，自信，姿态也挺拔了，更主要是对自己的内心和身体都有更深的了解和认知。 我一直觉得，运动健身是一…,是对自己的内心和身体都有更深的了解和认知。,阅读全文​,"​
赞同 76","​
6 条评论","​
分享"
健身过后总是下背疼？,https://www.zhihu.com/question/27404108/answer/2118395818,即刻运动Official,,不管男女老少，相信大家都有过一种痛：下 背 痛。 数据显示，每10个人里，大概就有8人经历过下背痛。 逛街腰酸背痛？久站下背痛？久坐下背痛？ 更可气的是，说好的可以改善下背痛的动作，做完了还是痛... 马杀鸡…,下 背 痛,阅读全文​,"​
赞同 17","​
1 条评论","​
分享"
内脏脂肪超高严重，如何短期内减掉内脏脂肪并提高基础代谢率？,https://www.zhihu.com/question/37484627/answer/1809780878,Miss Young,,今天我们就来聊聊内脏脂肪！ 内脏脂肪的形成 内脏脂肪一般是由于高碳水或高糖饮食，导致血液里的血糖指数迅速升高。 胰岛素前来江湖救急，大量分泌，将血糖打包为多余的脂肪储存在细胞里。 激素紊乱和肾上腺亢进也会导致…,内脏脂肪,阅读全文​,"​
赞同 821","​
33 条评论","​
分享"
减脂的关键到底在于哪一点？,https://www.zhihu.com/question/26660935/answer/2248088894,健身小师傅,,前言： 感谢大家的关注，我是疯得不行。之前因为一篇吐槽关于减脂文章让我获得了一些关注，没想到知乎会这样进入到我的生活，通过知乎加到我微信的现在大概也有200人左右，一年来陆陆续续解答着大家…,疯得不行。,阅读全文​,"​
赞同 24","​
1 条评论","​
分享"
有哪些令人后悔莫及的减脂误区？,https://www.zhihu.com/question/41943603/answer/1833340088,徐恩东,https://www.zhihu.com/question/48509984,误区1:节食减肥必定反弹 减肥是必须要节食的。 节食，全称是节制饮食，翻译是dieting，指「通过削减热量摄入来达到减脂目的」的行为。 求求各位减脂砖家…,,阅读全文​,"​
赞同 241","​
44 条评论","​
分享"
健身练哪部分肌肉会让人变得挺拔？,https://www.zhihu.com/question/37622411/answer/2453833439,万小歪Nikkie,,没受邀请，只是自己想答下。 由于受职业和过往经历影响，对这问题有些思考，所以聊聊我的一些想法。简单介绍自己，做职业健身教练之前我是专业舞者，受专业舞蹈教育长大，在广州军区当过文艺兵，由于伤病不能跳舞，才…,,阅读全文​,"​
赞同 640","​
26 条评论","​
分享"
本人男，体型不胖为什么下巴很多肉，有点双下巴。？,https://www.zhihu.com/question/39875414/answer/841976608,Yumi,https://www.zhihu.com/question/48509984,先搞清楚双下巴形成的原因 1，下颌短小后缩 双下巴跟胖瘦无关，跟年龄也无关！小时候的松本润；▼ 还有佐佐木希。▼ 他们这一类属于下颌短小、后缩导致的。因为皮肤和软组织没有足够长度的骨头撑开而堆积在一起。▼ 2，…,先搞清楚双下巴形成的原因,阅读全文​,"​
赞同 241","​
8 条评论","​
分享"
女生开始健身和力量训练后，生活会发生哪些改变？,https://www.zhihu.com/question/585260000/answer/2905785714,披荆斩棘,,会更开心，因为运动会产生多巴胺。 运动让我的体态，心理，还有我的走路方式都发生了变化。我首先要先介绍一下我的情况，因为我的身体和正常人不同。在正式回答这个问题之前，我想让你们看看真正的我。我其实是一个残…,,阅读全文​,"​
赞同 16","​
添加评论","​
分享"
为什么总觉得胖子瘦下来比原本瘦的人更加有气质？,https://www.zhihu.com/question/46815252/answer/103882359,,,大学之前一直是个胖子.....但因为爸爸是教练所以从小就打开了任督二脉，基本不会被欺负......高考前，母上为了让我不会因为超负荷学习而晕倒...... 加餐！进补！于是 我就成了下图 BUT~上了大…,,阅读全文​,"​
赞同 1017","​
452 条评论","​
分享"
内脏脂肪超高严重，如何短期内减掉内脏脂肪并提高基础代谢率？,https://www.zhihu.com/question/37484627/answer/2480314357,上海全景张教授,https://www.zhihu.com/question/48510028,现在社会变瘦变美是每个人的追求，然而我们大多数人都只看见了肚腩上可触摸的“肥肉”，却忽略了隐藏在身体内部的脂肪——内脏脂肪。 看不见的脂肪--内脏脂肪 根据分布位置不同，可将人体脂肪分为皮下脂肪、内脏脂肪…,看不见的脂肪--内脏脂肪,阅读全文​,"​
赞同 17","​
添加评论","​
分享"
弹力带可以代替哑铃进行力量训练吗？,https://www.zhihu.com/question/40736708/answer/2368954147,飞特那斯,https://www.zhihu.com/question/48509984,弹力带是一种使用简单方便，便于携带的健身小工具，很多的健身人群都会把弹力带作为热身的工具，不过弹力带的作用远远不止热身这么简单，因为一条弹力带，可以达到很多健身器械的作用，说不上它能媲美健身房，但是作…,,阅读全文​,"​
赞同 16","​
添加评论","​
分享"
请问有练过美丽芭蕾的吗？就是Ballet Beautiful，是不是可以改变气质？,https://www.zhihu.com/question/35916904/answer/120745051,万小歪Nikkie,,欢迎关注我的公众号：“Mixbarre”。Mixbarre是我创立的身体训练体系，以古典芭蕾的基础训练为核心，融合身心技法、舞蹈训练和体能训练等多种体系，让每个人都能使用精英舞者的训练方法。 -----…,,阅读全文​,"​
赞同 2190","​
64 条评论","​
分享"
有哪些令人后悔莫及的减脂误区？,https://www.zhihu.com/question/41943603/answer/1150521375,苏老铁,,你想减脂的过程变得更顺利吗？ 如果你回答是，那你一定要花时间认真看完这一篇回答。回答全文近4000字，列举了减脂过程中几乎所有的错误。 好了，闲话少说，让我们往下看吧。 1.把减轻体重等同于减脂 我们的体重是…,1.把减轻体重等同于减脂,阅读全文​,"​
赞同 523","​
111 条评论","​
分享"
健身吃增肌粉有副作用嘛？,https://www.zhihu.com/question/35447284/answer/999434933,FreeWings,,显然你健身是为了增肌，那么先提一下增肌的原理：肌肉 = 能量 + 蛋白质 + 激素 增肌粉作为一种富含蛋白质、碳水的营养补剂，它的效用也是包括了上述三方面： 一般用单糖、双糖、其他低聚糖、麦芽糊精等提供主…,肌肉 = 能量 + 蛋白质 + 激素,阅读全文​,"​
赞同 133","​
32 条评论","​
分享"
内脏脂肪超高严重，如何短期内减掉内脏脂肪并提高基础代谢率？,https://www.zhihu.com/question/37484627/answer/2492455906,舌见康,,减肥一段时间体重轻了，身材却还是老样子？ 确实瘦了，但是肚子和大腿上的赘肉还很多？ 身材已经偏瘦了，但是体检却查出脂肪肝？ 小心，你的肥胖可能学会隐形了！ 隐性肥胖，是肥胖的一种，主要是指看上去身材匀称、体重…,隐性肥胖,阅读全文​,"​
赞同 15","​
1 条评论","​
分享"
蝶形机夹胸为何感觉到肱二头肌酸？,https://www.zhihu.com/question/52651650/answer/1448686557,老丛,https://www.zhihu.com/question/48509984,蝴蝶机夹胸是一个简单且又难的动作！ 说他简单，本质上来讲它是一个单关节动作且是固定器械。 说他难吧，可能有很多人会说，一个单关节动作难个鸟啊？ 就是因为不太难，大家都不重视，就会导致一部分朋友动作做的细碎。…,蝴蝶机夹胸是一个简单且又难的动作！,阅读全文​,"​
赞同 44","​
1 条评论","​
分享"
女生坚持健身是种怎样的体验？,https://www.zhihu.com/question/36007260/answer/2313668853,少女鹿西,https://www.zhihu.com/question/48509984,说坚持运动也许对我来说不算准确，运动已经成为我生活的一部分，它更像是一种习惯，和吃饭喝水睡觉一样，必不可少。 在我刚开始运动的时候，我的启蒙教练和我说：不要把健身运动当成一件特别的事情，就想着这是你生活…,不要把健身运动当成一件特别的事情，就想着这是你生活,阅读全文​,"​
赞同 32","​
2 条评论","​
分享"
女生如何拥有良好体态？,https://www.zhihu.com/question/48423595/answer/1271012173,叔贵,https://www.zhihu.com/question/510340037,2021 年 2 月 27 日更新。 这里是叔贵的补充信息，随着时间推移，以我目前的认知水平再看这个回答又发现了自己不能接受的地方。 下面【消斜方】的部分，我给出了「斜方肌拉伸」这个动作处方。 斜方肌拉伸，…,,阅读全文​,"​
赞同 3.1 万","​
521 条评论","​
分享"
健身练哪部分肌肉会让人变得挺拔？,https://www.zhihu.com/question/37622411/answer/72913828,周琳,https://www.zhihu.com/question/48509984,谢邀 看起来挺拔，其实就是挺胸，抬头，展肩，给人一个漂亮的体态，从字面上讲很好理解，但对于常年不良体态的人，很难明白挺胸，展肩的方法和意义，主要还是肌肉能力太差太差太差了，差到大脑早就不会控制自己的身体…,,阅读全文​,"​
赞同 5842","​
211 条评论","​
分享"
内脏脂肪超高严重，如何短期内减掉内脏脂肪并提高基础代谢率？,https://www.zhihu.com/question/37484627/answer/1725135795,小慧减脂,,按照你的身高，理想体重是73kg，不建议快速减重呢，不然皮肤话垮掉的，不紧致，下垂，特别显老。要提高基础代谢率需要增加肌肉量。可以通过饮食加运动的方…,,阅读全文​,"​
赞同 48","​
19 条评论","​
分享"
怎样减脂的同时保持基础代谢与肌肉量，如何减肥少掉／不掉肌肉？,https://www.zhihu.com/question/43193847/answer/972629430,Wild Field Health荒野健康,https://www.zhihu.com/question/48510028,所谓减脂不易 是因为 糖分消耗要注意！肌肉保持要留意！ 有的小伙伴还想在减脂期间增加肌肉？？ 那只好让小荒来想想办法吧~~ 码字不易！如果小荒的内容对您有帮助，欢迎给我们点赞，感谢，关注三连击哟~~(*╹▽╹…,点赞，感谢，关注三连击,阅读全文​,"​
赞同 17","​
添加评论","​
分享"
半年或者一年健身下来你有了多大的变化？,https://www.zhihu.com/question/46816263/answer/665404993,肥仔YEAH呀,,半年变肥猪。 2018年 后来健身房经营不善倒闭了 其他健身房又太远 我就佛了 过了个年 2019年 半年胖了十五斤 现在是一名光荣的云健身玩家 ——————————分割线—————————— 发现题目问的是半年健身下来…,半年变肥猪。,阅读全文​,"​
赞同 256","​
93 条评论","​
分享"
上班族怎么高效利用下班时间健身？,https://www.zhihu.com/question/583243323/answer/2906410355,诚sir老爸,https://www.zhihu.com/question/48509984,8年职场人，陆续影响超过100位同事/朋友的职场运动习惯，特别是身材管理这块。 巅峰时候体重接近180斤，目前维持在165-170斤，身高182cm，每周健身/骑行/跑步至少4次，多的时候一周6次，身体…,,阅读全文​,"​
赞同 24","​
8 条评论","​
分享"
减肥健身时候晚餐应该吃些什么？,https://www.zhihu.com/question/51971713/answer/629759134,盐选推荐,https://www.zhihu.com/question/48510028,开篇简单粗暴一句话：健身运动，练而不吃，等同白练。 也许，你是一位资深瘦子或欲练肌肉而不得的人士，我相信，你已经尝试过不少让自己的身材看起来更阳刚一点儿的方法。很多人会（不负责任地）告诉你，想要变壮，…,,阅读全文​,"​
赞同 365","​
11 条评论","​
分享"
健身了是不是一辈子只能与健康餐为伍？,https://www.zhihu.com/question/48381023/answer/2646749671,初夏之菡,https://www.zhihu.com/question/510340037,难道不是健身了反而可以不用一辈子只吃健康餐了么？？ 不是抖机灵，而是从稳态角度谈谈「运动」和「饮食」之间的关系。 健康「稳态」——吃动平衡 我们吃多少其实完全应该由我们动多少来决定。 上面这句话如果理解不到位…,,阅读全文​,"​
赞同 13","​
添加评论","​
分享"
增肌已经有段时间，效果明显，，但是偏偏肚子也跟着一起大，有同样情况的人吗？,https://www.zhihu.com/question/31991546/answer/1468051896,刘洹Burning,,增肌的时候肚子跟着大了多半是热量没控制好！ 1、首先，虽然说增肌的过程中需要增加热量摄入，但实际上，热量盈余并不是增肌的必要条件。增肌首先是要补充足够的蛋白质，至少1g/kg体重，还要提高蛋白质利用率。…,,阅读全文​,"​
赞同 30","​
2 条评论","​
分享"
为什么总觉得胖子瘦下来比原本瘦的人更加有气质？,https://www.zhihu.com/question/46815252/answer/674816815,疯芒,,我觉得我来给大家讲一下我当年的心理，大家可能就能体会到为什么胖子瘦下来会感觉比原本就瘦的人更有气质。 我当时对这个世界毫无防备，喜欢好吃的…,,阅读全文​,"​
赞同 119","​
22 条评论","​
分享"
哪一个瞬间让你下定决心，开始健身了？,https://www.zhihu.com/question/585259982/answer/2934788078,Tysailing,,"Thanks! Time went back on February in 2019. I still remember when I was returning home from work, my…",,阅读全文​,"​
赞同 32","​
1 条评论","​
分享"
健身小白，去了健身房真的除了跑步不知道干什么？,https://www.zhihu.com/question/39267842/answer/1217899771,iPlusFit,,相信很多新手，初到健身房都会是一脸懵的状态吧！跑步机可能是新手最为熟悉也是最为简单的健身器械了，不过，作为新手在去健身房锻炼之前一定要有所准备哟！ 那么，健身之前应该有哪些准备呢？ 1、换上适合自己的运动…,相信很多新手，初到健身房都会是一脸懵的状态吧！跑步机可能是新手最为熟悉也是最为简单的健身器械了，不过，作为新手在去健身房锻炼之前一定要有所准备哟！,阅读全文​,"​
赞同 32","​
添加评论","​
分享"
按照大家说的方法 我的腿粗了是什么原因 ？女生小腿非常壮怎么办？,https://www.zhihu.com/question/28986988/answer/43248565,此处无名,,补充： 有些女孩问我我已经坚持了好几天了，为什么腿还是好粗～ 我只有一句话送给你们：继续坚持下去，腿粗不是一天两天造就的，也别想一天两天就瘦下去！ 还有可…,,阅读全文​,"​
赞同 82","​
59 条评论","​
分享"
除了跑步和游泳，还有哪些容易坚持的不伤膝盖的有氧运动？,https://www.zhihu.com/question/606442415/answer/3092610380,翔宇情,https://www.zhihu.com/question/48509984,我以前一直在跑步，现在换成爬楼梯和自行车了。 我住的地方27层，从一楼慢慢爬到27层，然后坐电梯下来，爬三趟就够了。一步一个楼梯，慢慢爬就行了，一开始…,,阅读全文​,"​
赞同 19","​
9 条评论","​
分享"
为什么总觉得胖子瘦下来比原本瘦的人更加有气质？,https://www.zhihu.com/question/46815252/answer/2778608328,程超伟,,作为曾经体重破200斤的胖子，分享一下体会 从小学开始我就属于是班级里的异类，毕竟大多数小盆友看见胖子都会忍不住嘲笑。因为小学太胖的原因，在班级也经常被欺负。最搞笑的是因为课桌留得座位太挤，想让后桌的同…,,阅读全文​,"​
赞同 15","​
6 条评论","​
分享"
什么是健身婊？,https://www.zhihu.com/question/48631963/answer/2721474540,,,措辞不当，“健身婊”三个字太重了，我说的这个其实还好，既没有占用器械，也没有影响别人，有点强答了 之所以回答是因为正好想到了，让我反感的可能是她拍照角…,,阅读全文​,"​
赞同 1359","​
135 条评论","​
分享"
减脂的关键到底在于哪一点？,https://www.zhihu.com/question/26660935/answer/660929121,健身的八怪,,为什么别人减脂会轻松，而对于你却是痛苦和艰难的？如果你减脂很痛苦，那这一期内容你就一定要看，相信我减脂最关键的并不是减脂的理论和方法 关于减脂的理论高赞们回答的都很全面，这里主要谈一下为什么你减脂很痛苦…,,阅读全文​,"​
赞同 39","​
1 条评论","​
分享"
健身房有哪些奇葩逗逼？,https://www.zhihu.com/question/34548410/answer/942436589,周燃,,自从公司把卡价压到1500块钱五年，就突然涌现了大量奇能异士。 以下都是真实经历。（当初传视频的时候没有考虑太多，涉及隐私的地方我会尽快打码，谢谢大家…,,阅读全文​,"​
赞同 4162","​
653 条评论","​
分享"
怎么用现代眼光评价施瓦辛格的健身百科全书？,https://www.zhihu.com/question/30825684/answer/2455217782,蟹老板(谢奕炜),https://www.zhihu.com/question/48509984,其实这问题得分两方面讨论。 一、对于一般健身人士，这本书如何？ 如果有个人想开始健身，问我买哪几本书好，我肯定不会推荐这本。 关键原因是面太窄了。 这本书中…,,阅读全文​,"​
赞同 87","​
14 条评论","​
分享"
半年或者一年健身下来你有了多大的变化？,https://www.zhihu.com/question/46816263/answer/679541741,哈哈哈哈哈,,从18年10月踏进健身房，到现在大概有半年了吧 10月开始系统训练，有的时候会偷懒，但是更多时候泡在健身房，美其名曰，撸铁 话不多说，见图 忘了说了，答主身高188，体重emmmmmm才80+，可能长肌肉不…,,阅读全文​,"​
赞同 58","​
93 条评论","​
分享"
为什么跑步要坚持40分钟 每天跑30分钟也能减肥吗？,https://www.zhihu.com/question/30056806/answer/1945526821,老喵,,其实大部分激烈的运动都不燃脂，原因是氧，燃烧脂肪需要大量的氧，当你剧烈运动的时候身体对氧的需求猛增，基本分不到氧去燃烧脂肪，所以越激烈越是烧糖，烧完…,,阅读全文​,"​
赞同 53","​
11 条评论","​
分享"
有哪些适合健身新手的健身计划？,https://www.zhihu.com/question/30141626/answer/2130765109,飞特那斯,https://www.zhihu.com/question/48509984,并不存在一种所有人都适合的计划，我要是随便丢一个计划出去，会感觉很不负责。所以这篇文章中，我会给出一个计划雏形，然后教大家明白该怎么制作健身计划，最后大家可以根据这个计划雏形来修改成为适合自己的计划。…,,阅读全文​,"​
赞同 48","​
1 条评论","​
分享"
通过跳绳瘦下来是一种怎么样的体验？,https://www.zhihu.com/question/31430452/answer/92302221,Zongmin Liu,,跳绳正文： amazing……小腿竟然瘦了！！！ 之前经常跑步，感觉小腿好粗壮，后来天气变冷，改跳绳。 每天起床后，跳500个，吃午饭前一个小时跳500个，吃晚饭前一个小时跳500个，晚上睡前一小时跳500…,跳绳正文：,阅读全文​,"​
赞同 1.1 万","​
1,070 条评论","​
分享"
仰卧起坐常犯的错误有哪些？正确的姿势又是怎样的？,https://www.zhihu.com/question/51824996/answer/679005723,蛋壳健康APP,https://www.zhihu.com/question/48510028,回答大纲： 仰卧起坐常见误区 造成腰部疼痛原因 造成颈部疼痛原因 最容易忽略的错误姿势 先普及一下最常见的误区： 误区一： 有些人没时间到健身房去锻炼，会选择在家里做一些基础而有效的简单锻炼方式来锻炼身体，希望能达…,误区一：,阅读全文​,"​
赞同 301","​
11 条评论","​
分享"
腿长腰短，塑身太痛苦，求教方法？,https://www.zhihu.com/question/47647730/answer/848156318,,,天啊， 找到组织了！ 平时看到身材贴或者变美贴撰文者说中国姑娘大都是梨形身材，我都悲痛万分，为什么我不是那个“大多数”， 我真的愿意用粗腿换一个细腰，并且我看梨形身材大部分大腿粗小腿挺细的，穿个裙子立马…,,阅读全文​,"​
赞同 53","​
61 条评论","​
分享"
一公斤脂肪到底是9000大卡还是7700大卡？,https://www.zhihu.com/question/44343639/answer/853627419,脑细胞增生,,2019年11月6日修改： 其他人都没说到点子上。 1kg脂肪肯定是含有9000大卡的热量。 但是！ 人体的脂肪细胞是含水的，含水量约为18%（一般在10%～30%），含有蛋白质2%。 那么，1kg脂肪细胞理论…,,阅读全文​,"​
赞同 187","​
37 条评论","​
分享"
在健身房，你最讨厌什么样的人？,https://www.zhihu.com/question/33511209/answer/456060156,馒头大包子,,我讨厌整条鄙视链。 曾经认识一位瘦得像竹竿的小哥哥，对，就是在健身房会被人嘲笑的那种极端得瘦。 他们不知道的是，这位小哥哥深陷抑郁症的深渊，吃得药太多了…,我讨厌整条鄙视链。,阅读全文​,"​
赞同 9.6 万","​
3,116 条评论","​
分享"
为什么总觉得胖子瘦下来比原本瘦的人更加有气质？,https://www.zhihu.com/question/46815252/answer/103446273,arjack,,是因为胖子瘦下来 大部分都是靠运动 还有锻炼了意志 让人更自信 肥真的不是那么好减的 完全拼意志 一个曾经每天宵夜 每餐不戒口的人 原本一餐的分量 变成一天的分量 还是鸡胸肉 真的吃吐过 因为这个差点染…,,阅读全文​,"​
赞同 215","​
72 条评论","​
分享"
有哪些是你健身之后才知道的伪健身知识？,https://www.zhihu.com/question/303672817/answer/641987230,关伯兰,,1.仰卧起坐伤腰，尤其抱头，杀伤性无极大，错误动作因为腹部的力量没起来，但其动作本身主要是靠腹部力量带起上半身，但有些人会用颈椎的力量代偿。从小学体育课就这么错误的教，健身界和别的国家早都知道的并淘汰…,,阅读全文​,"​
赞同 2.3 万","​
1,205 条评论","​
分享"
减脂的关键到底在于哪一点？,https://www.zhihu.com/question/26660935/answer/52501115,店装李老板李亚威,,减脂：如果你网上查一下减脂的方法，你会看到什么热量要负平衡、hiit效果最好、不能单纯做有氧而要抗阻力配合有氧训练。。。。看完后你自己实践一下就会发现，这些话也许都是正确而无用的话，你的脂肪依然减不下…,,阅读全文​,"​
赞同 2792","​
172 条评论","​
分享"
蛋白粉到底怎么冲？,https://www.zhihu.com/question/31575490/answer/881218078,LIU,,1、选择合适的载体 ①使用 摇摇杯 或 电动摇摇杯； ②可配一个搅拌球； ③大力出奇迹，使劲摇，使劲摇！ 2、一些注意事项 ①千万不能先倒粉，要先倒水、倒水、倒水！ ②一定要用常温水，温度太高，蛋白质会变性，出现…,,阅读全文​,"​
赞同 334","​
80 条评论","​
分享"
如何从零开始练习引体向上？,https://www.zhihu.com/question/51827916/answer/625199082,盐选推荐,https://www.zhihu.com/question/48510028,引体向上应该算是少数几个不用去健身房，也可以高效训练背部的动作了。在小区健身设施上、学校操场横杆上或者家里买个引体向上架子，都能比较方便地做到。 引体向上之所以如此有效，是因为其动作轨迹非常接近背阔肌…,,阅读全文​,"​
赞同 53","​
添加评论","​
分享"
为什么总觉得胖子瘦下来比原本瘦的人更加有气质？,https://www.zhihu.com/question/46815252/answer/2189107583,高尚,,从小胖到大，我胖是那种结实的胖，超级难瘦下来 再加上我肩宽很宽，使我一度认为我以后肯定会步入健身行业，因为我自身的身体条件天生适合健身锻炼，整个人看起来超级壮。说实话我以前是不在意别人的看法的，别人对…,,阅读全文​,"​
赞同 110","​
31 条评论","​
分享"
“肌肉在休息的时候超量生长”，其中关于“休息”的定义是睡觉吗？,https://www.zhihu.com/question/44055485/answer/1992536661,肉崽,,对没有基础的读者来说，本文稍微有点深，阅读前请务必读懂这2篇： 为什么减脂容易掉肌肉? 不健身直接吃蛋白粉会怎么样？ 这2篇文章解释了训练/营养/激素是如何转化为细胞内的生物信号、如何引发DNA的转录、如何…,务必读懂,阅读全文​,"​
赞同 2667","​
127 条评论","​
分享"
女生如何自己健身？,https://www.zhihu.com/question/27847217/answer/743984498,有马甲线的汗青,,本人163，95J，有马甲线。 平常没请过私教，很少去健身房，都是自己在家练的。（图下附训练方法） 准备器材：一张瑜伽垫。一套舒适美观的健身服。 先来张图片镇楼： 再来一张： 以前是一名微胖的学生，后面通过运动…,本人163，95J，有马甲线。,阅读全文​,"​
赞同 110","​
91 条评论","​
分享"
内脏脂肪超高严重，如何短期内减掉内脏脂肪并提高基础代谢率？,https://www.zhihu.com/question/37484627/answer/1783963365,茶哥反鸡娃,,看了一圈，有用的不多，我直接扔干货吧。 第一，得有一定的力量，和肌肉。 有多少这个每个人基础不一样，年龄身体结构千差万别。 我只拿我一个女性家人举栗子。 徒…,,阅读全文​,"​
赞同 176","​
42 条评论","​
分享"
什么是健身婊？,https://www.zhihu.com/question/48631963/answer/2573608560,花开富贵丶,,…,,阅读全文​,"​
赞同 336","​
13 条评论","​
分享"
剖腹产后多久可以运动减肥？什么运动比较适合？以及哺乳期如何减肥不减奶？,https://www.zhihu.com/question/37868185/answer/73917772,营养师乔伊,,一、关于运动 娩后女性生殖系统的恢复通常需要6周，因此必须逐步引入运动。走路，是启动产后运动最好的选择，例如，我们一般建议剖宫产后第二天的母亲下床到病室走廊慢走，出院时可以自行走到医院大厅，之后，在允许…,,阅读全文​,"​
赞同 104","​
5 条评论","​
分享"
内脏脂肪超高严重，如何短期内减掉内脏脂肪并提高基础代谢率？,https://www.zhihu.com/question/37484627/answer/2556003920,Keyora,,既减去内脏体脂，又提高基础代谢率。 从现代医学的角度来说，“短期内”减脂，并不是一个可推荐的目标。 从身体健康并机体可承受的角度来说，无论减脂还是运动，仍需循序渐进，步步为营。 坚持科学/均衡 的日常膳食…,既减去内脏体脂，又提高基础代谢率。,阅读全文​,"​
赞同 30","​
添加评论","​
分享"
为什么碳水和糖才是长胖元凶，明明脂肪热量更高啊？,https://www.zhihu.com/question/406770433/answer/2210382239,肉崽,,一、使人发胖的主要是总热量，不是碳水 主流科学界早就有明确的结论，发胖主要是总热量的问题。 2017年，国际营养学会在审查了大量证据后发表声明，减脂主要靠热量缺口，低碳和高碳饮食效果类似[1]； 2019年…,,阅读全文​,"​
赞同 2.6 万","​
1,594 条评论","​
分享"
低碳水饮食会让人变笨吗？,https://www.zhihu.com/question/31329174/answer/2373440653,维他,https://www.zhihu.com/question/48509984,但凡饮食和生活习惯对身体的影响，都分急性（acute）和慢性（chronic）的影响，碳水化合物对认知能力的影响，同样分急性和慢性的影响。 [1] 我们很多时过度关注短期急性影响，坐着不动还挺舒服的，…,,阅读全文​,"​
赞同 272","​
40 条评论","​
分享"
为什么总觉得胖子瘦下来比原本瘦的人更加有气质？,https://www.zhihu.com/question/46815252/answer/2250367283,莫佑,,首先我国舆情对胖子就是不友好的，这代表很多胖子是在别人的挖苦下成长的，锻炼了一定的混不吝的脾性 二是，如果不是手术或者用药，纯靠锻炼瘦身成功的话，那需要巨大的毅力 我自己是个死胖子，因为家里不算富裕养成了…,,阅读全文​,"​
赞同 104","​
18 条评论","​
分享"
如何减掉腰腹部的脂肪？,https://www.zhihu.com/question/33277243/answer/1616885309,胖掌柜,,高能预警！！！这篇回答，很可能是知乎史上关于“脂肪代谢”和“减脂原理”最全面、最详细、最专业的顶级技术贴。 如果你真想搞明白，燃脂这件事的最核心原理，千万不要划走，一定要认真看完！ 此回答属于原创，已进行…,顶级技术贴,阅读全文​,"​
赞同 2.4 万","​
891 条评论","​
分享"
有哪些令人后悔莫及的减脂误区？,https://www.zhihu.com/question/41943603/answer/363931071,包包,,减肥方式不对，减肥白费。避开八大减肥雷区能让你瘦得更快！！减脂减肥常见误区，一定要看！无水干货。 作为一枚曾经节食减肥失败，后来找到有效健康减肥方法后第一个月终于能够瘦到两位数的减肥girl，给大家分享…,八大减肥雷区,阅读全文​,"​
赞同 1350","​
58 条评论","​
分享"
弹力带可以代替哑铃进行力量训练吗？,https://www.zhihu.com/question/40736708/answer/2194899785,阿凯,,可以代替70% 弹力带可以代替哑铃70%的功能。例如你想用哑铃训练身体某个部位，用弹力带也可以训练。但是同一根弹力带，拉得越长阻力越大，而哑铃的重量是固定的，无论你做什么练习、举多高都是同样重量，所以还…,,阅读全文​,"​
赞同 30","​
2 条评论","​
分享"
健身圈到底有多乱？,https://www.zhihu.com/question/45757391/answer/1320068109,王姑娘,,也去过各种健身房或者私教工作室，经常看到: 女会员如果是-妙龄好看（不用特别好看），柔柔弱弱，身材一般。找了个男教练学入门。 那么如果不是这个男教练说:…,,阅读全文​,"​
赞同 202","​
18 条评论","​
分享"
160减到130，为何腹部脂肪仍然很厚？,https://www.zhihu.com/question/35470759/answer/551828084,APT运动康复师,,01 写作前面 你是不是有这样的感觉，工资增长的速度远不及肚子上肥肉累积的速度。饭量并不是很大，眼看着肚子上的肥肉越积越多，可就是没办法。 此片文章教你如何终结肚子上的肥肉。 简单的说，导致这种体征原因…,,阅读全文​,"​
赞同 39","​
1 条评论","​
分享"
女生坚持健身是种怎样的体验？,https://www.zhihu.com/question/36007260/answer/792995257,,,同样的图片，同样的衣服比较有说服力…… 有一天我去我姐房间拿东西，她突然拍了我一张照片，我都没反应过来……她说你看看你肚子快和胸一样大了……我一看照片天那……这……我比她生过孩子的肚子还大，包括整个体态…,,阅读全文​,"​
赞同 471","​
158 条评论","​
分享"
请教健身达人科普一下什么是碳水化合物，蛋白质& 脂肪？,https://www.zhihu.com/question/47512109/answer/1144140888,李祥JasonLee,https://www.zhihu.com/question/48509984,我从碳水化合物说起，后面会持续更新蛋白质和脂肪的回答。 ​ 碳水化合物是我们最容易从食物中获取的主要营养元素 碳水化合物其实就是“糖类” 以下这些常见食物中都含有不同比例的碳水化合物 01 碳水化合物与健康 碳…,01,阅读全文​,"​
赞同 229","​
24 条评论","​
分享"
健身房有哪些奇葩逗逼？,https://www.zhihu.com/question/34548410/answer/107943308,tulongjiansheng,,某日在健身房遇见一个身高大概一米六左右有点胖的小姑娘，教练带着她跑圈热身，一边跑一边喊口号，走近细听是这样的： 教练：谁…,,阅读全文​,"​
赞同 2.4 万","​
702 条评论","​
分享"
半年或者一年健身下来你有了多大的变化？,https://www.zhihu.com/question/46816263/answer/2786514575,,,2022年，12月5日 八个半月，一周四练，三分化训练 补剂喝的是肌酸，蛋白质 中间由于疫情耽误了一个月多 走了不少弯路，一开始脏增肌吃了好多垃圾食品，体脂高了不少 这是第一天健身的时候 这是上个月拍的 正面的话 现…,,阅读全文​,"​
赞同 35","​
24 条评论","​
分享"
内脏脂肪超高严重，如何短期内减掉内脏脂肪并提高基础代谢率？,https://www.zhihu.com/question/37484627/answer/1621367859,子非鱼,,仅从已知情况看，体脂率高，基础代谢率低，肌肉含量低，水份低，而且之前节食和有氧运动减肥，停止后反弹。 1、节食易降低基础代谢率； 2、有氧运动，特别长时…,,阅读全文​,"​
赞同 291","​
58 条评论","​
分享"
怎么减内脏脂肪？,https://www.zhihu.com/question/26735255/answer/2541140658,飞特那斯,https://www.zhihu.com/question/48509984,我们都知道一般有大肚腩的朋友，这里包括大肚腩瘦子，和啤酒肚胖子，以及腰臀比严重超标的朋友，内脏脂肪往往偏高， 内脂肪偏高，会增加，心血管疾病，糖尿病的风险。但是内脏脂肪和皮下脂肪相比，内脏脂肪含有丰富…,,阅读全文​,"​
赞同 166","​
28 条评论","​
分享"
减脂的关键到底在于哪一点？,https://www.zhihu.com/question/26660935/answer/86865559,盖比老师,https://www.zhihu.com/question/48509984,反对通过长时间的慢跑来减肥。 反对任何方式的节食、少吃。 控制饮食是有必要的，但重点是控制摄入的质量（quality），而不是数量（quantity）。 我说点更通俗易懂的，本答案不涉及任何高深的“科学”，…,反对通过长时间的慢跑来减肥。,阅读全文​,"​
赞同 2322","​
278 条评论","​
分享"
杠铃卧推比哑铃卧推好在哪里？为什么大家都先推荐杠铃而非哑铃呢？,https://www.zhihu.com/question/28617472/answer/2769195894,柔王丸,https://www.zhihu.com/question/48509984,一个训练动作的价值要从几个维度去看， 第一是其功能性，它能做什么，能做到什么， 第二看其纯粹性，就是它对它的主要目的是不是专精，越专的，主目标效果就…,,阅读全文​,"​
赞同 44","​
添加评论","​
分享"
什么是健身婊？,https://www.zhihu.com/question/48631963/answer/2572514394,Ben,,说一个我们健身房的“表率”吧，她算是特点尤为突出的了。 这种女生主要有以下特点： 1，健身服特别夸张，有连体的，超短的，五颜六色的，一周七天不带重样； 2…,,阅读全文​,"​
赞同 580","​
162 条评论","​
分享"
女生坚持健身是种怎样的体验？,https://www.zhihu.com/question/36007260/answer/2661038989,沈壮壮,,掐指一算，我已经坚持健身4年多了。从一开始，在健身房唯唯诺诺的小白，到现在可以自行制定训练计划的健身爱好者。除了收获良好的体态，健身以后，我学会了均衡饮食、享受美食、早睡早起，形成了良好的生活方式。 我…,,阅读全文​,"​
赞同 30","​
10 条评论","​
分享"
减肥健身应该注重什么部位，才能达到真正的肌肉锻炼而不仅仅是徒有其表？,https://www.zhihu.com/question/41909613/answer/92862567,斌卡,https://zhuanlan.zhihu.com/p/344234033,谢邀，感谢题主对我和知乎合作出的这本新电子书的关注。 先回答问题，个人觉得：真正有意义的健身，应该从臀腿训练开始。（这也是我选择先出《硬派健身.臀腿训练》的主要原因） 当然，从臀腿开始，不代表其他部位就不…,,阅读全文​,"​
赞同 841","​
66 条评论","​
分享"
不健身的朋友也可以吃，低卡饮食，越吃越瘦啊。 鸡胸肉天天吃不烦吗，猪瘦肉热量还不到150啊。 精选瘦肉，斜刀切薄片。 平底锅大火烧热…",,阅读全文​,"​
赞同 2051","​
238 条评论","​
分享"
你是因为什么开始的徒步登山等户外运动？,https://www.zhihu.com/question/585259975/answer/2946800310,无边的爱,,登山徒步，对我来说就是累并快乐着。而对于一个6岁的孩子来说，去哪里不重要，重要的是和什么人在一起。我们常说父母要高效陪伴孩子，那还不如周末的时候还孩子去徒步是非常好的一项运动。 一边爬山，一边呼…,,阅读全文​,"​
赞同 5","​
添加评论","​
分享"
哪一个瞬间让你下定决心，开始减肥了？,https://www.zhihu.com/question/585259984/answer/2924428601,Tysailing,,"That is a good question! I remember that almost seven years ago in 2016, my parents and I were climb…",,阅读全文​,"​
赞同 43","​
添加评论","​
分享"
为什么麦片加牛奶热量这么大，却有很多人把它当做早、晚餐？,https://www.zhihu.com/question/31696424/answer/1719828340,敦爷,,从你上面的图片可以看出你买的麦片本身就是高糖高热量的适合做零食的那种而不是健身减肥人士吃的那种纯燕麦，同时你的牛奶也是全脂的。 其次，作为一名经常健身减肥我每天的主食饮食也不是什么2两米饭加点菜。自开始…,本身就是高糖高热量的适合做零食的那种而不是健身减肥人士吃的那种纯燕麦,阅读全文​,"​
赞同 61","​
28 条评论","​
分享"
健身房有哪些奇葩逗逼？,https://www.zhihu.com/question/34548410/answer/137432061,冯黎明,,想起个故事 原来去的健身房有个老哥正在深蹲。加到160kg的时候，刚出杠站稳就看见一个瑜伽球飞了过来...正正的砸到老哥头上... 老哥默默无语的把杠铃…,,阅读全文​,"​
赞同 610","​
52 条评论","​
分享"
减脂的关键到底在于哪一点？,https://www.zhihu.com/question/26660935/answer/125068716,徐恩东,https://www.zhihu.com/question/48509984,要了解减脂，我必须从他的代谢过程开始说起 脂肪在身体里的储存形式是甘油三酯分子，然后无数的甘油三酯分子集结在一起，形成了小油滴，小油滴混合着些许水分储存在脂肪细胞里面，如果你要减脂，你就必须要分解储存在…,,阅读全文​,"​
赞同 2.7 万","​
1,582 条评论","​
分享"
长短腿如何在日常生活中纠正？,https://www.zhihu.com/question/25262970/answer/1308872304,康复于老师,https://www.zhihu.com/question/48510028,首先必须说明，轻度的长短腿大家不用担心，一般来说，我们的右腿会略短于左腿，这种情况下你的问题不会太严重，因为身体本身不平衡，右腿通常情况下就比左腿短。 不过这个是有限度的，澳洲的一些观点认为长度差异在4…,,阅读全文​,"​
赞同 75","​
2 条评论","​
分享"
为什么长辈们认为汉堡、炸鸡是垃圾食品，而粽子、面条、馒头、烧卖、米饭、汤圆、饺子、油条、月饼却不是？,https://www.zhihu.com/question/607811217/answer/3092853937,细胞抗糖,,十大『传统健康』垃圾食品 世卫组织对垃圾食品定义： 高糖、高热量、低蛋白质 低维生素、低矿物质、低纤维 1，油泼面等高油面食 其实，几乎所有面都不是健康 为什么要把油泼面放在这里 因为它实在是太好吃了，吃完太爽了 除…,十大『传统健康』垃圾食品,阅读全文​,"​
赞同 4","​
添加评论","​
分享"
健身了是不是一辈子只能与健康餐为伍？,https://www.zhihu.com/question/48381023/answer/2646209677,刘畊宏willliu,https://www.zhihu.com/question/510340037,我以三十多年的健身经历回答，不仅不是，而且完全没有必要。 不过前提是，把健康餐理解为吃很少、不吃碳水或类似天天水煮等非常严苛的饮食。现在还依旧这么认为的朋友，请立刻马上放弃掉这个危险的想法。 为什么说危险…,,阅读全文​,"​
赞同 1993","​
118 条评论","​
分享"
上班族怎么高效利用下班时间健身？,https://www.zhihu.com/question/583243323/answer/2916435347,周臻,,上班族每天早出晚归，没有时间健身，那么，许多想健身人群就想着如何高效利用上下班时间健身，这确实是一个好办法。 其实，只要你想健身，办法总比困难多 ，现在说几个简单实用的健身办法。 1.跑步。跑步是最简单，…,,阅读全文​,"​
赞同 30","​
添加评论","​
分享"
万能的知乎网友啊……有木有真的寒暑不侵类似的健身气功？,https://www.zhihu.com/question/399090653/answer/3093387467,LqOoooO,,有的，本质就是心静自然凉，比如温度一升高，有的人就觉得心烦意乱，然后就会中暑，这时候光喝水效果不大，必须吃了西瓜，苦瓜等寒凉的食物，这时候温度虽然还…,,阅读全文​,"​
赞同 1","​
添加评论","​
分享"
